<?xml version="1.0" encoding="UTF-8"?>
<!--
  Copyright (c) 2012 The Chromium Authors. All rights reserved.
  Use of this source code is governed by a BSD-style license that can be
  found in the LICENSE file.
-->

<!--
Documentation: http://findbugs.sourceforge.net/manual/filter.html
In particular, ~ at the start of a string means it's a regex.
-->
<FindBugsFilter>
  <!-- Skip the generated resource classes (including nested classes). -->
  <Match>
    <Class name="~.*\.R(\$\w+)?" />
  </Match>
  <!-- Skip the generated Manifest class (including nested classes). -->
  <Match>
    <Class name="~.*\.Manifest(\$\w+)?" />
  </Match>
  <Bug pattern="DM_STRING_CTOR" />
  <!-- Ignore "reliance on default String encoding" warnings, as we're not multi-platform -->
  <Bug pattern="DM_DEFAULT_ENCODING" />
  <!--
  Legacy code, discouraged on Android:
  https://developer.android.com/reference/java/security/AccessController.html
  -->
  <Bug pattern="DP_CREATE_CLASSLOADER_INSIDE_DO_PRIVILEGED" />
</FindBugsFilter>
